epoch,train_loss,class_loss,physics_loss,val_loss,val_accuracy
1,0.40604525804519653,0.4055970311164856,0.004471118561923504,0.30382585525512695,0.901098906993866
2,0.15523749589920044,0.15518102049827576,0.0005667447694577277,0.15559762716293335,0.9571273922920227
3,0.0927928239107132,0.09275446832180023,0.00038315547863021493,0.12727870047092438,0.9647113680839539
4,0.06866006553173065,0.06863388419151306,0.0002625105844344944,0.22221800684928894,0.9506268501281738
5,0.056685321033000946,0.05666283518075943,0.00022361607989296317,0.12365781515836716,0.9747716784477234
6,0.04568395018577576,0.04566666856408119,0.00017298157035838813,0.14137496054172516,0.971057116985321
7,0.04321971908211708,0.04320015013217926,0.0001955635379999876,0.12816408276557922,0.9752360582351685
